10000,10068
10000,10034
10000,10039
10000,10065
10000,10061
10000,10062
10000,10035
10000,10040
10000,10067
10000,10042
10000,10007
10000,10047
10000,10060
10000,10020
10000,10043
10000,10028
10000,10045
10000,10049
10000,10014
10000,10038
10000,10004
10000,10066
10000,10013
10000,10000
10000,10002
10000,10003
10000,10022
10000,10024
10000,10012
10000,10015
10000,10005
10000,10008
10000,10023
10000,10120
10000,10131
10000,10001
10000,10029
10000,10052
10000,10009
10000,10054
10000,10010
10000,10017
10000,10053
10000,10044
10000,10025
10000,10033
10000,10037
10000,10048
10000,10018
10000,10019
10000,10030
10000,10055
10000,10050
10000,10027
10000,10032
10000,10063
10000,10064
10000,10069
10000,10073
10000,10078
10000,10079
10000,GC-2000
10000,10070
10001,10062
10001,10044
10001,10055
10001,10042
10001,10009
10001,10049
10001,10043
10001,10020
10001,10032
10001,10025
10001,10027
10001,10035
10001,10066
10001,10069
10001,10001
10001,10012
10001,10022
10001,10002
10001,10000
10001,10014
10001,10007
10001,10048
10001,10110
10001,10004
10001,10047
10001,10131
10001,10028
10001,10017
10001,10013
10001,10039
10001,10008
10001,10033
10001,10019
10001,10045
10001,10054
10001,10023
10001,10029
10001,10005
10001,10037
10001,10050
10001,10015
10001,10024
10001,10018
10001,10010
10001,10052
10001,10030
10001,10038
10001,10040
10001,10053
10001,10034
10001,10003
10001,10061
10001,10064
10001,10060
10001,10068
10001,10065
10001,10067
10001,10120
10002,10012
10002,10050
10002,10044
10002,10022
10002,10045
10002,10023
10002,10040
10002,10052
10002,10010
10002,10000
10002,10001
10002,10003
10002,10007
10002,10004
10002,10002
10002,10024
10002,10019
10002,10025
10002,10042
10002,10013
10002,10017
10002,10014
10002,10053
10002,10043
10002,10055
10002,10020
10002,10048
10002,10037
10002,10033
10002,10005
10002,10054
10002,10032
10002,10049
10002,10018
10002,10009
10002,10008
10002,10027
10002,10039
10002,10038
10002,10047
10002,10035
10002,10028
10002,10030
10002,10034
10002,10029
10002,10015
10002,10064
10002,10067
10002,10069
10002,10061
10002,10065
10002,10060
10002,10066
10002,10063
10002,10068
10003,10028
10003,10049
10003,10047
10003,10061
10003,10007
10003,10035
10003,10024
10003,10014
10003,10043
10003,10027
10003,10017
10003,10012
10003,10002
10003,10010
10003,10055
10003,10039
10003,10054
10003,10030
10003,10038
10003,10018
10003,10009
10003,10008
10003,10019
10003,10025
10003,10040
10003,10042
10003,10053
10003,10015
10003,10052
10003,10033
10003,10000
10003,10005
10003,10032
10003,10022
10003,10003
10003,10020
10003,10037
10003,10013
10003,10044
10003,10050
10003,10048
10003,10034
10003,10029
10003,10004
10003,10023
10003,10001
10003,10045
10003,10064
10003,10065
10003,10062
10003,10069
10003,10068
10003,10063
10003,10066
10003,10067
10004,10043
10004,10064
10004,10060
10004,10035
10004,10039
10004,10005
10004,10010
10004,10028
10004,10030
10004,10040
10004,10044
10004,10008
10004,10053
10004,10019
10004,10023
10004,10012
10004,10000
10004,10042
10004,10052
10004,10002
10004,10045
10004,10014
10004,10017
10004,10055
10004,10038
10004,10048
10004,10015
10004,10020
10004,10009
10004,10037
10004,10029
10004,10050
10004,10001
10004,10054
10004,10003
10004,10004
10004,10007
10004,10032
10004,10034
10004,10033
10004,10018
10004,10013
10004,10027
10004,10024
10004,10025
10004,10022
10004,10047
10004,10049
10004,10066
10004,10067
10004,10063
10004,10092
10004,10062
10004,10068
10004,10061
10005,10049
10005,10018
10005,10040
10005,10066
10005,10019
10005,10017
10005,10067
10005,10043
10005,10044
10005,10013
10005,10037
10005,10002
10005,10052
10005,10050
10005,10039
10005,10055
10005,10010
10005,10048
10005,10042
10005,10015
10005,10030
10005,10025
10005,10045
10005,10022
10005,10023
10005,10032
10005,10033
10005,10047
10005,10012
10005,10035
10005,10001
10005,10028
10005,10024
10005,10009
10005,10008
10005,10000
10005,10029
10005,10034
10005,10007
10005,10004
10005,10053
10005,10003
10005,10005
10005,10020
10005,10054
10005,10014
10005,10038
10005,10027
10005,10069
10005,10061
10005,10064
10005,10068
10005,10065
10005,10063
10005,10060
10005,10062
10006,10015
10006,10030
10006,10012
10006,10050
10006,10063
10006,10068
10006,10043
10006,10009
10006,10048
10006,10013
10006,10005
10006,10000
10006,10022
10006,10047
10006,10014
10006,10045
10006,10023
10006,10055
10006,10010
10006,10053
10006,10028
10006,10025
10006,10019
10006,10049
10006,10020
10006,10033
10006,10024
10006,10037
10006,10007
10006,10001
10006,10044
10006,10027
10006,10034
10006,10035
10006,10008
10006,10004
10006,10029
10006,10054
10006,10003
10006,10002
10006,10032
10006,10039
10006,10052
10006,10017
10006,10042
10006,10038
10006,10040
10006,10018
10006,10067
10006,10064
10006,10061
10006,10066
10006,10062
10006,10065
10006,10060
10007,10045
10007,10042
10007,10015
10007,10068
10007,10063
10007,10030
10007,10047
10007,10028
10007,10050
10007,10023
10007,10043
10007,10000
10007,10002
10007,10003
10007,10037
10007,10010
10007,10054
10007,10004
10007,10053
10007,10048
10007,10035
10007,10032
10007,10025
10007,10029
10007,10017
10007,10020
10007,10018
10007,10039
10007,10019
10007,10008
10007,10038
10007,10001
10007,10055
10007,10044
10007,10040
10007,10027
10007,10014
10007,10024
10007,10049
10007,10022
10007,10052
10007,10013
10007,10034
10007,10033
10007,10007
10007,10009
10007,10005
10007,10012
10007,10062
10007,10064
10007,10067
10007,10060
10007,10065
10007,10061
10008,10053
10008,10048
10008,10062
10008,10004
10008,10052
10008,10014
10008,10038
10008,10007
10008,10020
10008,10028
10008,10023
10008,10012
10008,10025
10008,10024
10008,10061
10008,10002
10008,10044
10008,10000
10008,10049
10008,10018
10008,10045
10008,10037
10008,10042
10008,10017
10008,10055
10008,10027
10008,10030
10008,10047
10008,10032
10008,10054
10008,10019
10008,10022
10008,10033
10008,10005
10008,10009
10008,10013
10008,10034
10008,10029
10008,10050
10008,10043
10008,10039
10008,10010
10008,10008
10008,10015
10008,10040
10008,10003
10008,10035
10008,10001
10008,10066
10008,10065
10008,10068
10008,10064
10008,10060
10008,10067
10008,10063
10009,10049
10009,10008
10009,10034
10009,10019
10009,10037
10009,10050
10009,10045
10009,10053
10009,10054
10009,10039
10009,10013
10009,10060
10009,10012
10009,10003
10009,10052
10009,10023
10009,10010
10009,10024
10009,10048
10009,10055
10009,10007
10009,10038
10009,10027
10009,10017
10009,10035
10009,10029
10009,10020
10009,10033
10009,10001
10009,10025
10009,10005
10009,10044
10009,10028
10009,10014
10009,10040
10009,10022
10009,10018
10009,10009
10009,10043
10009,10042
10009,10047
10009,10002
10009,10032
10009,10015
10009,10030
10009,10004
10009,10000
10009,10066
10009,10061
10009,10067
10009,10068
10009,10062
10009,10069
10009,10063
10009,10065
10010,10022
10010,10009
10010,10065
10010,10007
10010,10008
10010,10037
10010,10027
10010,10047
10010,10043
10010,10029
10010,10049
10010,10060
10010,10001
10010,10000
10010,10025
10010,10048
10010,10035
10010,10020
10010,10055
10010,10030
10010,10042
10010,10044
10010,10024
10010,10039
10010,10004
10010,10013
10010,10018
10010,10012
10010,10023
10010,10052
10010,10003
10010,10040
10010,10010
10010,10054
10010,10045
10010,10014
10010,10032
10010,10028
10010,10038
10010,10005
10010,10033
10010,10053
10010,10015
10010,10017
10010,10019
10010,10050
10010,10034
10010,10002
10010,10067
10010,10063
10010,10062
10010,10069
10010,10068
10011,10063
10011,10052
10011,10017
10011,10028
10011,10049
10011,10043
10011,10065
10011,10047
10011,10066
10011,10061
10011,10008
10011,10029
10011,10034
10011,10044
10011,10003
10011,10009
10011,10018
10011,10020
10011,10037
10011,10030
10011,10000
10011,10012
10011,10014
10011,10035
10011,10042
10011,10024
10011,10048
10011,10032
10011,10013
10011,10033
10011,10027
10011,10050
10011,10025
10011,10007
10011,10022
10011,10038
10011,10019
10011,10005
10011,10055
10011,10002
10011,10040
10011,10010
10011,10004
10011,10053
10011,10039
10011,10015
10011,10054
10011,10045
10011,10001
10011,10023
10011,10064
10011,10062
10011,10069
10011,10067
10011,10060
10011,10073
10012,10030
10012,10067
10012,10066
10012,10040
10012,10054
10012,10037
10012,10033
10012,10014
10012,10002
10012,10023
10012,10000
10012,10007
10012,10044
10012,10022
10012,10024
10012,10048
10012,10018
10012,10005
10012,10019
10012,10049
10012,10009
10012,10028
10012,10053
10012,10043
10012,10013
10012,10017
10012,10027
10012,10038
10012,10012
10012,10039
10012,10001
10012,10004
10012,10045
10012,10050
10012,10042
10012,10010
10012,10047
10012,10052
10012,10055
10012,10020
10012,10029
10012,10032
10012,10008
10012,10015
10012,10003
10012,10025
10012,10035
10012,10034
10012,10068
10012,10069
10012,10063
10012,10060
10012,10062
10012,10064
10012,10061
10013,10060
10013,10010
10013,10030
10013,10053
10013,10063
10013,10066
10013,10023
10013,10047
10013,10044
10013,10005
10013,10007
10013,10008
10013,10020
10013,10022
10013,10050
10013,10049
10013,10004
10013,10039
10013,10048
10013,10025
10013,10045
10013,10027
10013,10034
10013,10033
10013,10012
10013,10040
10013,10035
10013,10054
10013,10013
10013,10043
10013,10015
10013,10055
10013,10038
10013,10009
10013,10003
10013,10042
10013,10014
10013,10032
10013,10037
10013,10028
10013,10029
10013,10017
10013,10019
10013,10018
10013,10052
10013,10002
10013,10024
10013,10000
10013,10001
10013,10069
10013,10062
10013,10068
10013,10067
10013,10065
10013,10064
10013,10061
10014,10052
10014,10067
10014,10028
10014,10045
10014,10025
10014,10007
10014,10020
10014,10054
10014,10044
10014,10034
10014,10040
10014,10002
10014,10000
10014,10110
10014,10004
10014,10012
10014,10001
10014,10009
10014,10010
10014,10047
10014,10024
10014,10055
10014,10022
10014,10049
10014,10023
10014,10050
10014,10017
10014,10037
10014,10014
10014,10042
10014,10027
10014,10053
10014,10032
10014,10033
10014,10029
10014,10013
10014,10008
10014,10048
10014,10038
10014,10043
10014,10018
10014,10035
10014,10019
10014,10039
10014,10030
10014,10003
10014,10005
10014,10015
10014,10066
10014,10064
10014,10063
10014,10061
10014,10062
10014,10065
10014,10068
10015,10054
10015,10067
10015,10053
10015,10064
10015,10019
10015,10069
10015,10030
10015,10034
10015,10009
10015,10049
10015,10014
10015,10010
10015,10035
10015,10055
10015,10029
10015,10050
10015,10024
10015,10038
10015,10018
10015,10015
10015,10033
10015,10022
10015,10028
10015,10017
10015,10025
10015,10037
10015,10013
10015,10008
10015,10001
10015,10012
10015,10044
10015,10004
10015,10000
10015,10043
10015,10039
10015,10047
10015,10005
10015,10002
10015,10048
10015,10052
10015,10023
10015,10007
10015,10032
10015,10045
10015,10020
10015,10040
10015,10027
10015,10042
10015,10003
10015,10065
10015,10061
10015,10060
10015,10063
10015,10066
10015,10062
10015,10070
10015,10073
10015,10087
10015,10083
10016,10030
10016,10066
10016,10047
10016,10017
10016,10029
10016,10009
10016,10014
10016,10040
10016,10062
10016,10060
10016,10053
10016,10038
10016,10018
10016,10055
10016,10052
10016,10013
10016,10020
10016,10050
10016,10043
10016,10033
10016,10010
10016,10034
10016,10054
10016,10039
10016,10049
10016,10045
10016,10037
10016,10015
10016,10025
10016,10023
10016,10008
10016,10022
10016,10028
10016,10048
10016,10044
10016,10042
10016,10024
10016,10027
10016,10035
10016,10000
10016,10019
10016,10002
10016,10012
10016,10004
10016,10003
10016,10001
10016,10007
10016,10032
10016,10005
10016,10061
10016,10064
10016,10067
10016,10065
10016,10072
10016,10068
10017,10065
10017,10032
10017,10068
10017,10069
10017,10035
10017,10042
10017,10015
10017,10002
10017,10028
10017,10025
10017,10054
10017,10010
10017,10048
10017,10007
10017,10030
10017,10017
10017,10044
10017,10009
10017,10019
10017,10055
10017,10034
10017,10018
10017,10023
10017,10045
10017,10039
10017,10053
10017,10043
10017,10049
10017,10012
10017,10013
10017,10050
10017,10005
10017,10008
10017,10052
10017,10024
10017,10038
10017,10027
10017,10029
10017,10014
10017,10022
10017,10037
10017,10004
10017,10003
10017,10020
10017,10001
10017,10040
10017,10047
10017,10033
10017,10000
10017,10064
10017,10060
10017,10067
10017,10061
10017,10063
10017,10062
10018,10015
10018,10002
10018,10030
10018,10052
10018,10024
10018,10022
10018,10028
10018,10029
10018,10018
10018,10055
10018,10012
10018,10038
10018,10032
10018,10050
10018,10003
10018,10008
10018,10034
10018,10033
10018,10017
10018,10042
10018,10043
10018,10047
10018,10035
10018,10054
10018,10027
10018,10037
10018,10045
10018,10039
10018,10013
10018,10053
10018,10014
10018,10010
10018,10007
10018,10020
10018,10044
10018,10023
10018,10025
10018,10019
10018,10005
10018,10048
10018,10009
10018,10049
10018,10001
10018,10004
10018,10000
10018,10040
10018,10069
10018,10064
10018,10066
10018,10062
10018,10065
10018,10063
10018,10061
10018,10060
10018,10067
10020,10028
10020,10018
10020,10019
10020,10014
10020,10008
10020,10023
10020,10042
10020,10037
10020,10038
10020,10053
10020,10020
10020,10001
10020,10003
10020,10004
10020,10013
10020,10043
10020,10049
10020,10048
10020,10047
10020,10007
10020,10009
10020,10044
10020,10005
10020,10000
10020,10017
10020,10012
10020,10022
10020,10052
10020,10034
10020,10055
10023,10000
10023,10001
10023,10002
10023,10014
10023,10009
10023,10018
10023,10005
10023,10027
10023,10020
10023,10019
10023,10022
10023,10055
10023,10008
10023,10012
10023,10013
10023,10032
10023,10053
10023,10024
10023,10003
10023,10004
10023,10007
10025,10022
10025,10007
10025,10047
10025,10038
10025,10034
10025,10017
10025,10013
10025,10010
10025,10039
10025,10000
10025,10054
10025,10018
10025,10052
10025,10001
10025,10014
10025,10002
10025,10005
10025,10042
10027,10038
10027,10039
10037,10024
10037,10018
10037,10033
10037,10032
10037,10001
10037,10000
10037,10008
10037,10005
10037,10003
10037,10010
10037,10037
10037,10013
10037,10044
10037,10053
10037,10034
10037,10028
10037,10023
10037,10014
10037,10012
10037,10017
10037,10020
10037,10039
10037,10048
10037,10042
10038,10005
10038,10000
10038,10024
10038,10049
10038,10037
10038,10003
10038,10012
10038,10013
10039,10044
10039,10000
10039,10054
10039,10015
10039,10002
10039,10024
10039,10023
10039,10020
10039,10005
10050,10005
10051,10004
10051,10012
10051,10002
10051,10042
10051,10131
10060,10001
10061,10000
10061,10002
10061,10003
10061,10004
10090,10003
10090,10008
10090,10013
10090,10018
10092,10000
10092,10002
10100,10022
10100,10000
10100,10002
10100,10007
10100,10009
10100,10008
10100,10012
10100,10037
10100,10020
10110,10000
10110,10002
10110,10003
10110,10004
10112,10000
10112,10055
10120,10002
10120,10000
10120,10018
10120,10053
10120,10001
10120,10009
10120,10010
10120,10037
10120,10045
10120,10003
10120,10004
10120,10024
10120,10047
10140,10012
10140,10043
10140,10044
10140,10054
10140,10052
10140,10003
10140,10002
10140,10005
10140,10001
10140,10025
10140,10004
10140,GC-100
10140,10120
10150,10002
10150,10004
10150,10050
10150,10035
10150,10030
10150,10001
10150,10054
10150,10017
10150,10110
10150,10000
10150,10012
10150,10005
10151,10050
10151,10035
10151,10030
10151,10055
10151,10020
10151,10010
10151,10040
10151,10015
10151,10025
10151,10045
10151,10001
10151,10042
10151,10047
10151,10022
10151,10007
10151,10012
10152,10012
10152,10017
10152,10022
10152,10024
10152,10027
10152,10038
10152,10042
10170,10022
10190,SHORT_SHIRT
10190,10130
10190,10055
10190,10110
10190,10004
10190,10013
10191,10110
10191,10131
10201,10042
10201,10120
10202,10120
10202,10042
10204,10110
10204,10120
10250,10047
10263,10048
10279,10048
10288,10091
10288,10090
10288,10089
10288,10088
10288,10087
10288,10086
10288,10085
10288,10084
10288,10030
10288,10029
10288,10028
10288,10027
10289,10067
10289,10066
10289,10065
10289,10064
10289,10063
10289,10062
10289,10061
10289,10060
10289,10010
10289,10009
10289,10008
10289,10007
10289,10099
10289,10098
10289,10097
10289,10096
10289,10095
10289,10094
10289,10093
10289,10092
10289,10035
10289,10034
10289,10033
10289,10032
10289,10002
10289,10055
10289,10054
10289,10053
10289,10052
10289,10045
10289,10044
10289,10043
10289,10042
10289,10000
10289,10003
10289,10050
10289,10049
10289,10048
10289,10047
10289,10020
10289,10019
10289,10018
10289,10017
10289,10075
10289,10074
10289,10073
10289,10072
10289,10071
10289,10070
10289,10069
10289,10068
10289,10015
10289,10014
10289,10013
10289,10012
10289,10004
10289,10107
10289,10106
10289,10105
10289,10104
10289,10103
10289,10102
10289,10101
10289,10100
10289,10040
10289,10039
10289,10038
10289,10037
10289,10120
10289,10005
10289,10025
10289,10024
10289,10023
10289,10022
10298,10130
10311,10002
10322,10076
10322,10073
10330,10120
10330,10110
10330,10042
10330,10000
10340,10110
admin,10053
DEEPAK_MISHRA,10002
DEEPAK_MISHRA,10005
DEEPAK_MISHRA,10024
DEEPAK_MISHRA,10022
DEEPAK_MISHRA,10025
DEEPAK_MISHRA,10004
DEEPAK_MISHRA,10023
DEEPAK_MISHRA,10130
DEEPAK_MISHRA,10052
DEEPAK_MISHRA,10070
DEEPAK_MISHRA,10000
DEEPAK_MISHRA,10015
DEEPAK_MISHRA,10068
DEV_KUMAR,10005
MAYANK_LAMBHATE,10023
MAYANK_LAMBHATE,10024
MIKE_BATES,10002
MIKE_BATES,10003
MIKE_BATES,10007
MIKE_BATES,10008
MIKE_BATES,10010
MUNAZA_KHAN,10023
MUNAZA_KHAN,10025
NAMEET_JAIN,10023
NARESH_YADAV,10008
NARESH_YADAV,10020
NARESH_YADAV,10023
NARESH_YADAV,10007
NARESH_YADAV,10019
NARESH_YADAV,10025
PARAKH_MAHESHWARI,10045
PARAKH_MAHESHWARI,10043
PARAKH_MAHESHWARI,10023
PATRICK_GIBBONS,10000
PATRICK_GIBBONS,10002
PATRICK_GIBBONS,10001
PRIYA_KHAN,10022
RAVI_KUMAR,10004
RAVI_KUMAR,10005
RAVI_KUMAR,10023
RAVI_KUMAR,10012
SHIKHA_MISHRA,10009
SHIKHA_MISHRA,10005
SHIKHA_MISHRA,10019
SHIKHA_MISHRA,10043
SHRUTI_JAIN,10028
SHRUTI_JAIN,10033
SHRUTI_JAIN,10001
SHRUTI_JAIN,10017
SHRUTI_JAIN,10009
SHRUTI_JAIN,10012
SHRUTI_JAIN,10014
SHRUTI_JAIN,10042
SHRUTI_JAIN,10004
SHRUTI_JAIN,10019
SHRUTI_JAIN,10043
SHRUTI_JAIN,10044
SHRUTI_JAIN,10002
SHRUTI_JAIN,10005
SHRUTI_JAIN,10024
WS_COMPANY,10035
WS_COMPANY,10010
WS_COMPANY,10002
WS_COMPANY,10055
WS_COMPANY,10054
WS_COMPANY,10053
WS_COMPANY,10004
WS_COMPANY,10008
WS_COMPANY,10052
WS_COMPANY,10050
WS_COMPANY,10049
WS_COMPANY,10048
WS_COMPANY,10047
WS_COMPANY,10045
WS_COMPANY,10044
WS_COMPANY,10043
WS_COMPANY,10042
WS_COMPANY,10040
WS_COMPANY,10039
WS_COMPANY,10038
WS_COMPANY,10037
WS_COMPANY,10034
WS_COMPANY,10033
WS_COMPANY,10032
WS_COMPANY,10030
WS_COMPANY,10029
WS_COMPANY,10028
WS_COMPANY,10027
WS_COMPANY,10012
WS_COMPANY,10014
WS_COMPANY,10015
WS_COMPANY,10023
WS_COMPANY,10022
WS_COMPANY,10020
WS_COMPANY,10019
WS_COMPANY,10018
WS_COMPANY,10017
WS_COMPANY,10013
WS_COMPANY,10009
WS_COMPANY,10007
WS_COMPANY,10003
WS_COMPANY,10001
WS_COMPANY,10000
WS_COMPANY,10025
WS_COMPANY,10005
WS_COMPANY,10024
WS_COMPANY,10082
WS_COMPANY,10120
WS_COMPANY,10085
WS_COMPANY,10084
WS_COMPANY,10069
WS_COMPANY,10106
WS_COMPANY,10103
WS_COMPANY,10097
WS_COMPANY,10102
WS_COMPANY,10101
WS_COMPANY,10100
WS_COMPANY,10098
WS_COMPANY,10060
WS_COMPANY,10070
WS_COMPANY,10066
WS_COMPANY,10062
WS_COMPANY,10096
_NA_,10000
_NA_,10002
_NA_,10007
_NA_,10001
_NA_,10003
_NA_,10008
_NA_,10040
_NA_,10015
_NA_,10009
_NA_,10023
_NA_,10110
